Date,Open,High,Low,Close,Change(Pips),Change(%)
10/04/2024 00:00,1.10348,1.104,1.095,1.0975,-59.8,-0.54,
10/03/2024 00:00,1.10457,1.1047,1.10071,1.1034,-11.7,-0.11,
10/02/2024 00:00,1.10649,1.10828,1.10324,1.10455,-19.4,-0.18,
10/01/2024 00:00,1.11363,1.11443,1.10456,1.10644,-71.9,-0.65,
09/30/2024 00:00,1.11688,1.12087,1.11137,1.11365,-32.3,-0.29,
09/29/2024 00:00,1.11547,1.11725,1.11547,1.11689,14.2,0.13,
09/27/2024 00:00,1.11769,1.12031,1.1124,1.1164,-12.9,-0.12,
09/26/2024 00:00,1.11297,1.11893,1.1125,1.11768,47.1,0.42,
09/25/2024 00:00,1.11903,1.1214,1.112,1.11297,-60.6,-0.54,
09/24/2024 00:00,1.11109,1.1194,1.1102,1.1191,80.1,0.72,
09/23/2024 00:00,1.11588,1.11674,1.10832,1.11105,-48.3,-0.43,
09/22/2024 00:00,1.11581,1.1165,1.11574,1.11594,1.3,0.01,
09/20/2024 00:00,1.11591,1.1183,1.1135,1.1163,3.9,0.03,
09/19/2024 00:00,1.11139,1.1179,1.1068,1.11593,45.4,0.41,
09/18/2024 00:00,1.11221,1.11887,1.1095,1.11147,-7.4,-0.07,
09/17/2024 00:00,1.11289,1.11462,1.11004,1.1123,-5.9,-0.05,
09/16/2024 00:00,1.10872,1.11375,1.1085,1.11291,41.9,0.38,
09/15/2024 00:00,1.10757,1.10896,1.10734,1.1087,11.3,0.10,
09/13/2024 00:00,1.10789,1.1102,1.1071,1.1073,-5.9,-0.05,
09/12/2024 00:00,1.10101,1.108,1.1004,1.1078,67.9,0.61,
09/11/2024 00:00,1.10201,1.1055,1.09794,1.10104,-9.7,-0.09,
09/10/2024 00:00,1.1035,1.10494,1.1014,1.102,-15,-0.14,
09/09/2024 00:00,1.10861,1.1092,1.10247,1.10344,-51.7,-0.47,
09/08/2024 00:00,1.1077,1.10909,1.10769,1.10865,9.5,0.09,
09/06/2024 00:00,1.11108,1.11555,1.10646,1.10803,-30.5,-0.28,
09/05/2024 00:00,1.10793,1.1128,1.1073,1.11114,32.1,0.29,
09/04/2024 00:00,1.1048,1.10951,1.1039,1.10803,32.3,0.29,
09/03/2024 00:00,1.10671,1.10702,1.1025,1.1049,-18.1,-0.16,
09/02/2024 00:00,1.10445,1.10773,1.10419,1.1067,22.5,0.20,
08/30/2024 00:00,1.108,1.1096,1.10309,1.10455,-34.5,-0.31,
08/29/2024 00:00,1.11242,1.114,1.1055,1.108,-44.2,-0.40,
08/28/2024 00:00,1.11767,1.1181,1.1103,1.11244,-52.3,-0.47,
08/27/2024 00:00,1.11643,1.1191,1.11498,1.1176,11.7,0.10,
08/26/2024 00:00,1.1189,1.1202,1.1144,1.11645,-24.5,-0.22,
08/23/2024 00:00,1.11157,1.1202,1.1104,1.11913,75.6,0.68,
08/22/2024 00:00,1.11548,1.1167,1.10933,1.11157,-39.1,-0.35,
08/21/2024 00:00,1.11274,1.1175,1.1098,1.11548,27.4,0.25,
08/20/2024 00:00,1.10851,1.1136,1.107,1.11271,42.0,0.38,
08/19/2024 00:00,1.10243,1.1089,1.1022,1.10854,61.1,0.55,
08/16/2024 00:00,1.09722,1.103,1.097,1.1027,54.8,0.50,
08/15/2024 00:00,1.10116,1.1016,1.0948,1.09722,-39.4,-0.36,
08/14/2024 00:00,1.09953,1.10472,1.0986,1.10113,16.0,0.15,
08/13/2024 00:00,1.09354,1.1,1.0913,1.09954,60.0,0.55,
08/12/2024 00:00,1.09125,1.094,1.091,1.09355,23.0,0.21,
08/09/2024 00:00,1.09147,1.09313,1.09069,1.0915,0.3,0.00,
08/08/2024 00:00,1.09271,1.0945,1.08793,1.09148,-12.3,-0.11,
08/07/2024 00:00,1.09252,1.0937,1.0904,1.09272,2.0,0.02,
08/06/2024 00:00,1.09508,1.0963,1.0902,1.09252,-25.6,-0.23,
08/05/2024 00:00,1.09103,1.10084,1.0892,1.09506,40.3,0.37,
08/02/2024 00:00,1.07863,1.0927,1.078,1.0909,122.7,1.12,
08/01/2024 00:00,1.08232,1.08353,1.0776,1.07864,-36.8,-0.34,
07/31/2024 00:00,1.08155,1.085,1.08003,1.08237,8.2,0.08,
07/30/2024 00:00,1.08188,1.0836,1.0797,1.08156,-3.2,-0.03,
07/29/2024 00:00,1.08525,1.087,1.0801,1.08189,-33.6,-0.31,
07/26/2024 00:00,1.08511,1.08682,1.084,1.0856,4.9,0.05,
07/25/2024 00:00,1.08378,1.087,1.0827,1.08512,13.4,0.12,
07/24/2024 00:00,1.08495,1.0867,1.0824,1.08378,-11.7,-0.11,
07/23/2024 00:00,1.0889,1.0898,1.0842,1.08495,-39.5,-0.36,
07/22/2024 00:00,1.08986,1.08994,1.0871,1.08887,-9.9,-0.09,
07/19/2024 00:00,1.09,1.0901,1.07133,1.0882,-18,-0.17,
07/18/2024 00:00,1.094,1.0941,1.0892,1.09001,-39.9,-0.37,
07/17/2024 00:00,1.09062,1.09481,1.0894,1.09395,33.3,0.30,
07/16/2024 00:00,1.0898,1.0906,1.087,1.09002,2.2,0.02,
07/15/2024 00:00,1.08857,1.0923,1.0882,1.08979,12.2,0.11,
07/12/2024 00:00,1.08737,1.09114,1.086,1.0906,32.3,0.30,
07/11/2024 00:00,1.08331,1.08995,1.0831,1.08737,40.6,0.37,
07/10/2024 00:00,1.08143,1.0837,1.0809,1.0833,18.7,0.17,
07/09/2024 00:00,1.08303,1.0835,1.0803,1.08142,-16.1,-0.15,
07/08/2024 00:00,1.08254,1.0845,1.0814,1.08303,4.9,0.05,
07/05/2024 00:00,1.08103,1.0843,1.07956,1.0838,27.7,0.26,
07/04/2024 00:00,1.07909,1.0816,1.0782,1.08104,19.5,0.18,
07/03/2024 00:00,1.0748,1.08164,1.0735,1.07909,42.9,0.40,
07/02/2024 00:00,1.07363,1.075,1.0708,1.07479,11.6,0.11,
07/01/2024 00:00,1.07348,1.07764,1.0718,1.07363,1.5,0.01,
06/28/2024 00:00,1.07076,1.0726,1.0684,1.0713,5.4,0.05,
06/27/2024 00:00,1.06797,1.07265,1.0675,1.07075,27.8,0.26,
06/26/2024 00:00,1.0708,1.0718,1.0664,1.06798,-28.2,-0.26,
06/25/2024 00:00,1.0732,1.07441,1.0658,1.07091,-22.9,-0.21,
06/24/2024 00:00,1.06877,1.0747,1.0682,1.07322,44.5,0.41,
06/21/2024 00:00,1.07059,1.0721,1.067,1.0692,-13.9,-0.13,
06/20/2024 00:00,1.07469,1.07481,1.06989,1.07058,-41.1,-0.38,
06/19/2024 00:00,1.07385,1.0754,1.0723,1.0747,8.5,0.08,
06/18/2024 00:00,1.07398,1.07614,1.0709,1.07386,-1.2,-0.01,
06/17/2024 00:00,1.07022,1.07411,1.0685,1.0738,35.8,0.33,
06/14/2024 00:00,1.07371,1.0745,1.0666,1.0703,-34.1,-0.32,
06/13/2024 00:00,1.08126,1.0817,1.0732,1.07375,-75.1,-0.70,
06/12/2024 00:00,1.074,1.08523,1.0733,1.08126,72.6,0.67,
06/11/2024 00:00,1.07634,1.07735,1.0719,1.07399,-23.5,-0.22,
06/10/2024 00:00,1.07785,1.07812,1.0731,1.07632,-15.3,-0.14,
06/07/2024 00:00,1.08913,1.09017,1.0796,1.0816,-75.3,-0.70,
06/06/2024 00:00,1.0874,1.09019,1.0861,1.08915,17.5,0.16,
06/05/2024 00:00,1.08815,1.0892,1.0853,1.08737,-7.8,-0.07,
06/04/2024 00:00,1.0907,1.0916,1.0858,1.08814,-25.6,-0.24,
06/03/2024 00:00,1.08524,1.0911,1.0826,1.09071,54.7,0.50,
05/31/2024 00:00,1.08311,1.0882,1.081,1.08301,-1.0,-0.01,
05/30/2024 00:00,1.08007,1.08451,1.0787,1.08311,30.4,0.28,
05/29/2024 00:00,1.0851,1.0859,1.07891,1.08008,-50.2,-0.46,
05/28/2024 00:00,1.08614,1.08891,1.0849,1.08509,-10.5,-0.10,
05/27/2024 00:00,1.08464,1.08675,1.08207,1.08613,14.9,0.14,
05/24/2024 00:00,1.08114,1.0858,1.0804,1.0843,31.6,0.29,
05/23/2024 00:00,1.0825,1.0861,1.0803,1.08115,-13.5,-0.12,
05/22/2024 00:00,1.08536,1.08635,1.0816,1.08249,-28.7,-0.27,
05/21/2024 00:00,1.08601,1.0876,1.08423,1.08538,-6.3,-0.06,
05/20/2024 00:00,1.08723,1.08843,1.0852,1.08602,-12.1,-0.11,
05/17/2024 00:00,1.08675,1.0879,1.0834,1.08625,-5.0,-0.05,
05/16/2024 00:00,1.0888,1.0895,1.0853,1.08676,-20.4,-0.19,
05/15/2024 00:00,1.08134,1.0891,1.0811,1.0888,74.6,0.69,
05/14/2024 00:00,1.07919,1.0826,1.07652,1.08138,21.9,0.20,
05/13/2024 00:00,1.07699,1.0807,1.0764,1.07918,21.9,0.20,
05/10/2024 00:00,1.07816,1.0791,1.07587,1.0771,-10.6,-0.10,
05/09/2024 00:00,1.07465,1.0787,1.0723,1.07817,35.2,0.33,
05/08/2024 00:00,1.07495,1.0758,1.0733,1.07467,-2.8,-0.03,
05/07/2024 00:00,1.07703,1.0788,1.0745,1.07498,-20.5,-0.19,
05/06/2024 00:00,1.07581,1.0791,1.0754,1.0769,10.9,0.10,
05/03/2024 00:00,1.07299,1.08116,1.0723,1.07599,30.0,0.28,
05/02/2024 00:00,1.07174,1.0732,1.0673,1.0729,11.6,0.11,
05/01/2024 00:00,1.06658,1.0733,1.0648,1.07172,51.4,0.48,
04/30/2024 00:00,1.07145,1.07353,1.0663,1.06657,-48.8,-0.46,
04/29/2024 00:00,1.07069,1.0734,1.0688,1.07146,7.7,0.07,
04/26/2024 00:00,1.07265,1.07528,1.0672,1.07,-26.5,-0.25,
04/25/2024 00:00,1.07,1.07393,1.0677,1.07265,26.5,0.25,
04/24/2024 00:00,1.07023,1.07142,1.0677,1.06996,-2.7,-0.03,
04/23/2024 00:00,1.06537,1.07112,1.0637,1.07022,48.5,0.45,
04/22/2024 00:00,1.06575,1.0671,1.0623,1.06537,-3.8,-0.04,
04/19/2024 00:00,1.06423,1.0678,1.0609,1.0669,26.7,0.25,
04/18/2024 00:00,1.06687,1.0691,1.0638,1.06422,-26.5,-0.25,
04/17/2024 00:00,1.06207,1.06797,1.06058,1.06688,48.1,0.45,
04/16/2024 00:00,1.06243,1.0654,1.0576,1.06208,-3.5,-0.03,
04/15/2024 00:00,1.06459,1.06652,1.0619,1.06244,-21.5,-0.20,
04/12/2024 00:00,1.07259,1.0729,1.0622,1.067,-55.9,-0.52,
04/11/2024 00:00,1.0739,1.0757,1.0698,1.07258,-13.2,-0.12,
04/10/2024 00:00,1.08586,1.0866,1.0727,1.0741,-117.6,-1.09,
04/09/2024 00:00,1.08621,1.08851,1.0846,1.08587,-3.4,-0.03,
04/08/2024 00:00,1.08295,1.0864,1.0819,1.0862,32.5,0.30,
04/05/2024 00:00,1.08363,1.0848,1.079,1.0848,11.7,0.11,
04/04/2024 00:00,1.08377,1.08765,1.0829,1.08362,-1.5,-0.01,
04/03/2024 00:00,1.07679,1.08406,1.0762,1.08378,69.9,0.64,
04/02/2024 00:00,1.07371,1.0779,1.0723,1.07677,30.6,0.28,
04/01/2024 00:00,1.0792,1.0799,1.0729,1.0737,-55,-0.51,
03/29/2024 00:00,1.079,1.0809,1.0766,1.0799,9,0.08,
03/28/2024 00:00,1.08134,1.08267,1.0773,1.07906,-22.8,-0.21,
03/27/2024 00:00,1.08324,1.0839,1.0809,1.08125,-19.9,-0.18,
03/26/2024 00:00,1.08368,1.08643,1.0823,1.08325,-4.3,-0.04,
03/25/2024 00:00,1.08071,1.08423,1.08,1.08369,29.8,0.27,
03/22/2024 00:00,1.08621,1.0868,1.08,1.0861,-1.1,-0.01,
03/21/2024 00:00,1.0936,1.0943,1.0854,1.08618,-74.2,-0.68,
03/20/2024 00:00,1.08616,1.0939,1.0835,1.09368,75.2,0.69,
03/19/2024 00:00,1.08731,1.0878,1.0833,1.0861,-12.1,-0.11,
03/18/2024 00:00,1.08831,1.0907,1.0865,1.0873,-10.1,-0.09,
03/15/2024 00:00,1.08826,1.09,1.0871,1.0889,6.4,0.06,
03/14/2024 00:00,1.0953,1.09549,1.0879,1.0882,-71,-0.65,
03/13/2024 00:00,1.09268,1.09637,1.0918,1.0953,26.2,0.24,
03/12/2024 00:00,1.09303,1.09434,1.0901,1.09267,-3.6,-0.03,
03/11/2024 00:00,1.09427,1.0948,1.0913,1.09305,-12.2,-0.11,
03/08/2024 00:00,1.0949,1.0981,1.0917,1.0939,-10,-0.09,
03/07/2024 00:00,1.0897,1.09512,1.0866,1.09506,53.6,0.49,
03/06/2024 00:00,1.08556,1.09152,1.0841,1.08991,43.5,0.40,
03/05/2024 00:00,1.0854,1.08758,1.08392,1.08555,1.5,0.01,
03/04/2024 00:00,1.08418,1.08669,1.0836,1.08536,11.8,0.11,
03/01/2024 00:00,1.08056,1.08432,1.0797,1.0839,33.4,0.31,
02/29/2024 00:00,1.08384,1.0856,1.0794,1.08056,-32.8,-0.30,
02/28/2024 00:00,1.08411,1.0846,1.0796,1.08383,-2.8,-0.03,
02/27/2024 00:00,1.085,1.0866,1.0831,1.08411,-8.9,-0.08,
02/26/2024 00:00,1.08186,1.08597,1.0811,1.08503,31.7,0.29,
02/23/2024 00:00,1.0825,1.084,1.0811,1.0821,-4,-0.04,
02/22/2024 00:00,1.08198,1.08885,1.0802,1.08255,5.7,0.05,
02/21/2024 00:00,1.08097,1.0825,1.0788,1.08203,10.6,0.10,
02/20/2024 00:00,1.07754,1.0839,1.076,1.08098,34.4,0.32,
02/19/2024 00:00,1.07836,1.07894,1.07401,1.07755,-8.1,-0.08,
02/16/2024 00:00,1.07728,1.0789,1.0731,1.07724,-0.4,0.00,
02/15/2024 00:00,1.07322,1.0786,1.0723,1.07725,40.3,0.37,
02/14/2024 00:00,1.07084,1.0735,1.0693,1.0732,23.6,0.22,
02/13/2024 00:00,1.07718,1.07998,1.0699,1.0707,-64.8,-0.61,
02/12/2024 00:00,1.07978,1.0806,1.0755,1.07713,-26.5,-0.25,
02/09/2024 00:00,1.07777,1.07954,1.076,1.0782,4.3,0.04,
02/08/2024 00:00,1.07751,1.0789,1.0741,1.07771,2.0,0.02,
02/07/2024 00:00,1.07566,1.0785,1.0754,1.07755,18.9,0.18,
02/06/2024 00:00,1.07411,1.07624,1.0722,1.07568,15.7,0.15,
02/05/2024 00:00,1.07794,1.07861,1.0722,1.07408,-38.6,-0.36,
02/02/2024 00:00,1.08742,1.0898,1.07721,1.0786,-88.2,-0.82,
02/01/2024 00:00,1.08039,1.0877,1.08,1.0874,70.1,0.64,
01/31/2024 00:00,1.08428,1.08874,1.0794,1.08037,-39.1,-0.36,
01/30/2024 00:00,1.08336,1.08572,1.081,1.0842,8.4,0.08,
01/29/2024 00:00,1.08421,1.0851,1.0794,1.08335,-8.6,-0.08,
01/26/2024 00:00,1.08456,1.08858,1.0811,1.08416,-4.0,-0.04,
01/25/2024 00:00,1.08807,1.09019,1.0821,1.08453,-35.4,-0.33,
01/24/2024 00:00,1.08573,1.09322,1.085,1.08811,23.8,0.22,
01/23/2024 00:00,1.08774,1.0916,1.08208,1.08572,-20.2,-0.19,
01/22/2024 00:00,1.08912,1.091,1.0875,1.0877,-14.2,-0.13,
01/19/2024 00:00,1.08796,1.0899,1.0864,1.08944,14.8,0.14,
01/18/2024 00:00,1.08859,1.0907,1.0846,1.088,-5.9,-0.05,
01/17/2024 00:00,1.08785,1.0886,1.0844,1.0886,7.5,0.07,
01/16/2024 00:00,1.09448,1.09462,1.0861,1.08783,-66.5,-0.61,
01/15/2024 00:00,1.09449,1.0968,1.0932,1.09446,-0.3,0.00,
01/12/2024 00:00,1.09824,1.09869,1.0934,1.0941,-41.4,-0.38,
01/11/2024 00:00,1.09742,1.09904,1.0929,1.09824,8.2,0.07,
01/10/2024 00:00,1.09319,1.0975,1.0921,1.0974,42.1,0.38,
01/09/2024 00:00,1.09494,1.0967,1.091,1.09313,-18.1,-0.17,
01/08/2024 00:00,1.09413,1.0979,1.09226,1.0949,7.7,0.07,
01/05/2024 00:00,1.0946,1.09985,1.08758,1.0938,-8,-0.07,
01/04/2024 00:00,1.09261,1.0973,1.0914,1.0946,19.9,0.18,
01/03/2024 00:00,1.09415,1.0966,1.08929,1.0926,-15.5,-0.14,
01/02/2024 00:00,1.10366,1.10434,1.09343,1.094,-96.6,-0.88,
01/01/2024 00:00,1.1038,1.1077,1.091,1.1037,-1,-0.01,
12/29/2023 00:00,1.10675,1.1085,1.1023,1.1036,-31.5,-0.29,
12/28/2023 00:00,1.1108,1.11395,1.1054,1.10674,-40.6,-0.37,
12/27/2023 00:00,1.10421,1.1123,1.1027,1.1107,64.9,0.58,
12/26/2023 00:00,1.10186,1.10452,1.1007,1.1042,23.4,0.21,
12/25/2023 00:00,1.1016,1.1086,1.09885,1.10183,2.3,0.02,
12/22/2023 00:00,1.10062,1.10402,1.09938,1.1026,19.8,0.18,
12/21/2023 00:00,1.09432,1.1013,1.0934,1.10056,62.4,0.57,
12/20/2023 00:00,1.09793,1.09795,1.0928,1.0944,-35.3,-0.32,
12/19/2023 00:00,1.09233,1.09874,1.0913,1.09791,55.8,0.51,
12/18/2023 00:00,1.08947,1.0931,1.0893,1.09227,28.0,0.26,
12/15/2023 00:00,1.09932,1.1005,1.0876,1.0907,-86.2,-0.79,
12/14/2023 00:00,1.0883,1.10091,1.0878,1.09933,110.3,1.00,
12/13/2023 00:00,1.07982,1.08966,1.0771,1.08827,84.5,0.78,
12/12/2023 00:00,1.07654,1.08282,1.0759,1.0798,32.6,0.30,
12/11/2023 00:00,1.0765,1.0779,1.0741,1.0765,0,0.00,
12/08/2023 00:00,1.07899,1.08006,1.07232,1.0772,-17.9,-0.17,
12/07/2023 00:00,1.07664,1.08176,1.07549,1.07892,22.8,0.21,
12/06/2023 00:00,1.0794,1.0805,1.0757,1.07663,-27.7,-0.26,
12/05/2023 00:00,1.08373,1.08473,1.0777,1.07933,-44.0,-0.41,
12/04/2023 00:00,1.08854,1.08863,1.0803,1.08374,-48.0,-0.44,
12/01/2023 00:00,1.08917,1.0914,1.08285,1.0891,-0.7,-0.01,
11/30/2023 00:00,1.0973,1.0984,1.08775,1.08916,-81.4,-0.75,
11/29/2023 00:00,1.10041,1.10173,1.0959,1.0973,-31.1,-0.28,
11/28/2023 00:00,1.0959,1.1009,1.0933,1.10041,45.1,0.41,
11/27/2023 00:00,1.09399,1.096,1.0924,1.0959,19.1,0.17,
11/24/2023 00:00,1.09042,1.0949,1.0893,1.0948,43.8,0.40,
11/23/2023 00:00,1.08879,1.09305,1.0886,1.0902,14.1,0.13,
11/22/2023 00:00,1.09168,1.0923,1.0851,1.08878,-29.0,-0.27,
11/21/2023 00:00,1.09446,1.0966,1.0899,1.09166,-28.0,-0.26,
11/20/2023 00:00,1.0905,1.0952,1.0896,1.0944,39,0.36,
11/17/2023 00:00,1.08526,1.0918,1.0823,1.0916,63.4,0.58,
11/16/2023 00:00,1.08543,1.08955,1.0811,1.08531,-1.2,-0.01,
11/15/2023 00:00,1.08777,1.08858,1.083,1.08542,-23.5,-0.22,
11/14/2023 00:00,1.0701,1.08874,1.0691,1.0876,175,1.61,
11/13/2023 00:00,1.06899,1.07062,1.0664,1.0701,11.1,0.10,
11/10/2023 00:00,1.06669,1.0714,1.0655,1.0714,47.1,0.44,
11/09/2023 00:00,1.07112,1.07253,1.0659,1.06667,-44.5,-0.42,
11/08/2023 00:00,1.06958,1.0716,1.0658,1.0711,15.2,0.14,
11/07/2023 00:00,1.07183,1.072,1.0663,1.06957,-22.6,-0.21,
11/06/2023 00:00,1.07311,1.07567,1.07138,1.0717,-14.1,-0.13,
11/03/2023 00:00,1.06152,1.07467,1.0613,1.0735,119.8,1.12,
11/02/2023 00:00,1.05865,1.06676,1.0583,1.06151,28.6,0.27,
11/01/2023 00:00,1.05778,1.05868,1.05166,1.05866,8.8,0.08,
10/31/2023 00:00,1.06137,1.06742,1.0556,1.05777,-36.0,-0.34,
10/30/2023 00:00,1.05616,1.0625,1.0546,1.06135,51.9,0.49,
10/27/2023 00:00,1.05635,1.0597,1.0534,1.0578,14.5,0.14,
10/26/2023 00:00,1.0566,1.05691,1.05185,1.05636,-2.4,-0.02,
10/25/2023 00:00,1.05947,1.0608,1.0558,1.05662,-28.5,-0.27,
10/24/2023 00:00,1.06699,1.0695,1.0582,1.05949,-75.0,-0.71,
10/23/2023 00:00,1.05891,1.06779,1.057,1.0668,78.9,0.74,
10/20/2023 00:00,1.0586,1.06037,1.0564,1.0603,17,0.16,
10/19/2023 00:00,1.05378,1.0616,1.0527,1.05862,48.4,0.46,
10/18/2023 00:00,1.05729,1.05941,1.0522,1.05377,-35.2,-0.33,
10/17/2023 00:00,1.05541,1.0595,1.0531,1.05728,18.7,0.18,
10/16/2023 00:00,1.05219,1.0564,1.0514,1.05543,32.4,0.31,
10/13/2023 00:00,1.05356,1.05586,1.0494,1.0511,-24.6,-0.23,
10/12/2023 00:00,1.06228,1.06397,1.0522,1.05355,-87.3,-0.83,
10/11/2023 00:00,1.06043,1.06347,1.05773,1.0623,18.7,0.18,
10/10/2023 00:00,1.05783,1.062,1.0553,1.0604,25.7,0.24,
10/09/2023 00:00,1.05662,1.0581,1.0518,1.05783,12.1,0.11,
10/06/2023 00:00,1.05461,1.0601,1.0482,1.06,53.9,0.51,
10/05/2023 00:00,1.05063,1.0553,1.0499,1.0545,38.7,0.37,
10/04/2023 00:00,1.04685,1.05321,1.045,1.05066,38.1,0.36,
10/03/2023 00:00,1.04798,1.0494,1.0447,1.0468,-11.8,-0.11,
10/02/2023 00:00,1.05639,1.0592,1.0474,1.04797,-84.2,-0.80,
09/29/2023 00:00,1.0562,1.06171,1.0556,1.0585,23,0.22,
09/28/2023 00:00,1.05053,1.0579,1.049,1.05621,56.8,0.54,
09/27/2023 00:00,1.05687,1.0574,1.0487,1.05053,-63.4,-0.60,
09/26/2023 00:00,1.05913,1.0609,1.056,1.05691,-22.2,-0.21,
09/25/2023 00:00,1.0648,1.06555,1.0574,1.0591,-57,-0.54,
09/22/2023 00:00,1.06602,1.0672,1.0614,1.0671,10.8,0.10,
09/21/2023 00:00,1.06496,1.06735,1.06165,1.06601,10.5,0.10,
09/20/2023 00:00,1.06814,1.0737,1.0646,1.06499,-31.5,-0.30,
09/19/2023 00:00,1.06919,1.0718,1.06738,1.06813,-10.6,-0.10,
09/18/2023 00:00,1.06677,1.0699,1.0653,1.0691,23.3,0.22,
09/15/2023 00:00,1.06354,1.0688,1.0632,1.0672,36.6,0.34,
09/14/2023 00:00,1.07328,1.0754,1.0628,1.06348,-98.0,-0.92,
09/13/2023 00:00,1.07532,1.0765,1.07109,1.07328,-20.4,-0.19,
09/12/2023 00:00,1.07472,1.07687,1.0704,1.07529,5.7,0.05,
09/11/2023 00:00,1.07162,1.07594,1.0708,1.07475,31.3,0.29,
09/08/2023 00:00,1.06975,1.0744,1.0692,1.0712,14.5,0.14,
09/07/2023 00:00,1.07239,1.0732,1.0685,1.0695,-28.9,-0.27,
09/06/2023 00:00,1.07248,1.0749,1.07018,1.07236,-1.2,-0.01,
09/05/2023 00:00,1.0791,1.07983,1.0705,1.0723,-68,-0.63,
09/04/2023 00:00,1.0778,1.0809,1.0773,1.07909,12.9,0.12,
09/01/2023 00:00,1.08419,1.08818,1.07696,1.0796,-45.9,-0.43,
08/31/2023 00:00,1.09292,1.09396,1.0833,1.0842,-87.2,-0.80,
08/30/2023 00:00,1.08691,1.09456,1.0854,1.09294,60.3,0.55,
08/29/2023 00:00,1.08256,1.0893,1.0781,1.08692,43.6,0.40,
08/28/2023 00:00,1.07969,1.083,1.0795,1.08256,28.7,0.27,
08/25/2023 00:00,1.07983,1.08411,1.0765,1.0794,-4.3,-0.04,
08/24/2023 00:00,1.08655,1.0877,1.0792,1.07985,-67.0,-0.62,
08/23/2023 00:00,1.08462,1.0872,1.0801,1.0864,17.8,0.16,
08/22/2023 00:00,1.08971,1.09303,1.0831,1.0845,-52.1,-0.48,
08/21/2023 00:00,1.08745,1.0914,1.0868,1.08973,22.8,0.21,
08/18/2023 00:00,1.08743,1.0894,1.08112,1.089,15.7,0.14,
08/17/2023 00:00,1.08743,1.0919,1.0855,1.08741,-0.2,0.00,
08/16/2023 00:00,1.09037,1.0935,1.087,1.08745,-29.2,-0.27,
08/15/2023 00:00,1.09076,1.09523,1.08952,1.09034,-4.2,-0.04,
08/14/2023 00:00,1.0943,1.0961,1.0874,1.0906,-37,-0.34,
08/11/2023 00:00,1.09816,1.1005,1.0941,1.0963,-18.6,-0.17,
08/10/2023 00:00,1.09769,1.10647,1.0966,1.09814,4.5,0.04,
08/09/2023 00:00,1.09593,1.0996,1.0954,1.0976,16.7,0.15,
08/08/2023 00:00,1.10024,1.1011,1.09287,1.09588,-43.6,-0.40,
08/07/2023 00:00,1.10022,1.1013,1.0964,1.10025,0.3,0.00,
08/04/2023 00:00,1.09511,1.10418,1.0934,1.1025,73.9,0.67,
08/03/2023 00:00,1.0943,1.09626,1.0911,1.09506,7.6,0.07,
08/02/2023 00:00,1.10076,1.10076,1.0917,1.09433,-64.3,-0.59,
08/01/2023 00:00,1.09965,1.102,1.0952,1.10073,10.8,0.10,
07/31/2023 00:00,1.10235,1.1046,1.09914,1.09965,-27.0,-0.25,
07/28/2023 00:00,1.09779,1.10476,1.09429,1.1035,57.1,0.52,
07/27/2023 00:00,1.10777,1.115,1.0964,1.09778,-99.9,-0.91,
07/26/2023 00:00,1.10498,1.11065,1.1036,1.10777,27.9,0.25,
07/25/2023 00:00,1.10627,1.1087,1.102,1.105,-12.7,-0.11,
07/24/2023 00:00,1.11243,1.1147,1.1058,1.10629,-61.4,-0.56,
07/21/2023 00:00,1.11344,1.1145,1.1107,1.1132,-2.4,-0.02,
07/20/2023 00:00,1.1205,1.12291,1.1117,1.11344,-70.6,-0.63,
07/19/2023 00:00,1.12278,1.12402,1.1173,1.12048,-23.0,-0.21,
07/18/2023 00:00,1.12371,1.12757,1.12084,1.12282,-8.9,-0.08,
07/17/2023 00:00,1.1227,1.1249,1.1203,1.12374,10.4,0.09,
07/14/2023 00:00,1.12233,1.1247,1.11878,1.1246,22.7,0.20,
07/13/2023 00:00,1.11403,1.123,1.1128,1.12235,83.2,0.74,
07/12/2023 00:00,1.10133,1.1141,1.101,1.11405,127.2,1.14,
07/11/2023 00:00,1.10051,1.10269,1.0976,1.10134,8.3,0.08,
07/10/2023 00:00,1.09668,1.1009,1.0942,1.1004,37.2,0.34,
07/07/2023 00:00,1.08897,1.0976,1.0865,1.0975,85.3,0.78,
07/06/2023 00:00,1.08552,1.09005,1.0832,1.08896,34.4,0.32,
07/05/2023 00:00,1.08825,1.0908,1.08498,1.08549,-27.6,-0.25,
07/04/2023 00:00,1.0913,1.0917,1.0875,1.08823,-30.7,-0.28,
07/03/2023 00:00,1.09074,1.09339,1.0869,1.09125,5.1,0.05,
06/30/2023 00:00,1.08672,1.0932,1.0834,1.092,52.8,0.48,
06/29/2023 00:00,1.0917,1.09413,1.0859,1.08674,-49.6,-0.46,
06/28/2023 00:00,1.09574,1.09622,1.0896,1.09151,-42.3,-0.39,
06/27/2023 00:00,1.09097,1.0972,1.0901,1.09576,47.9,0.44,
06/26/2023 00:00,1.09064,1.0921,1.0886,1.09098,3.4,0.03,
06/23/2023 00:00,1.09555,1.0959,1.0843,1.0933,-22.5,-0.21,
06/22/2023 00:00,1.09914,1.10118,1.0947,1.09551,-36.3,-0.33,
06/21/2023 00:00,1.09198,1.1007,1.0905,1.09915,71.7,0.65,
06/20/2023 00:00,1.09237,1.09462,1.0891,1.09199,-3.8,-0.03,
06/19/2023 00:00,1.094,1.0947,1.0906,1.09236,-16.4,-0.15,
06/16/2023 00:00,1.09454,1.0971,1.09142,1.0964,18.6,0.17,
06/15/2023 00:00,1.08427,1.0956,1.0802,1.09453,102.6,0.94,
06/14/2023 00:00,1.07894,1.0864,1.0773,1.0842,52.6,0.49,
06/13/2023 00:00,1.07619,1.08236,1.0758,1.07893,27.4,0.25,
06/12/2023 00:00,1.07498,1.0791,1.0731,1.0761,11.2,0.10,
06/09/2023 00:00,1.07817,1.07852,1.0737,1.0762,-19.7,-0.18,
06/08/2023 00:00,1.07068,1.07873,1.07,1.07819,75.1,0.70,
06/07/2023 00:00,1.06984,1.07395,1.0667,1.0706,7.6,0.07,
06/06/2023 00:00,1.07111,1.0733,1.06663,1.0697,-14.1,-0.13,
06/05/2023 00:00,1.06965,1.07225,1.0673,1.07112,14.7,0.14,
06/02/2023 00:00,1.07601,1.07791,1.06986,1.0724,-36.1,-0.34,
06/01/2023 00:00,1.06931,1.0771,1.066,1.07602,67.1,0.62,
05/31/2023 00:00,1.07316,1.0736,1.0634,1.06932,-38.4,-0.36,
05/30/2023 00:00,1.07066,1.07471,1.0671,1.073,23.4,0.22,
05/29/2023 00:00,1.07209,1.0744,1.07026,1.07065,-14.4,-0.13,
05/26/2023 00:00,1.07232,1.07588,1.07,1.0729,5.8,0.05,
05/25/2023 00:00,1.07555,1.07557,1.0707,1.07235,-32.0,-0.30,
05/24/2023 00:00,1.07689,1.08014,1.0741,1.07555,-13.4,-0.12,
05/23/2023 00:00,1.08107,1.0821,1.0759,1.0769,-41.7,-0.39,
05/22/2023 00:00,1.08239,1.08313,1.0794,1.08108,-13.1,-0.12,
05/19/2023 00:00,1.07751,1.083,1.0759,1.0821,45.9,0.42,
05/18/2023 00:00,1.0838,1.08481,1.0761,1.0775,-63,-0.58,
05/17/2023 00:00,1.0865,1.0874,1.0809,1.08379,-27.1,-0.25,
05/16/2023 00:00,1.08734,1.09046,1.0853,1.0865,-8.4,-0.08,
05/15/2023 00:00,1.08527,1.0891,1.0846,1.0872,19.3,0.18,
05/12/2023 00:00,1.09118,1.0938,1.08358,1.0937,25.2,0.23,
05/11/2023 00:00,1.09825,1.09982,1.0899,1.09119,-70.6,-0.65,
05/10/2023 00:00,1.09648,1.10071,1.094,1.09828,18.0,0.16,
05/09/2023 00:00,1.09967,1.1001,1.094,1.09644,-32.3,-0.29,
05/08/2023 00:00,1.1018,1.1054,1.0994,1.0996,-22,-0.20,
05/05/2023 00:00,1.10227,1.1211,1.09667,1.1209,186.3,1.66,
05/04/2023 00:00,1.10683,1.10914,1.09857,1.1021,-47.3,-0.43,
05/03/2023 00:00,1.10105,1.10915,1.1004,1.10684,57.9,0.52,
05/02/2023 00:00,1.09684,1.1014,1.09418,1.10104,42.0,0.38,
05/01/2023 00:00,1.10106,1.1037,1.0963,1.0969,-41.6,-0.38,
04/28/2023 00:00,1.10315,1.1129,1.09621,1.1127,95.5,0.86,
04/27/2023 00:00,1.1045,1.1064,1.0991,1.10314,-13.6,-0.12,
04/26/2023 00:00,1.0978,1.10952,1.0967,1.1045,67,0.61,
04/25/2023 00:00,1.10572,1.10674,1.09611,1.09781,-79.1,-0.72,
04/24/2023 00:00,1.09911,1.1058,1.0964,1.1055,63.9,0.58,
04/21/2023 00:00,1.09679,1.1097,1.0937,1.1095,127.1,1.15,
04/20/2023 00:00,1.09515,1.099,1.0933,1.09678,16.3,0.15,
04/19/2023 00:00,1.09748,1.09841,1.0916,1.09515,-23.3,-0.21,
04/18/2023 00:00,1.09245,1.09831,1.0921,1.09748,50.3,0.46,
04/17/2023 00:00,1.09843,1.1001,1.0909,1.09245,-59.8,-0.55,
04/14/2023 00:00,1.10518,1.1104,1.0971,1.1102,50.2,0.45,
04/13/2023 00:00,1.0995,1.1068,1.09766,1.10518,56.8,0.51,
04/12/2023 00:00,1.09161,1.1001,1.0913,1.09969,80.8,0.73,
04/11/2023 00:00,1.08689,1.0929,1.0865,1.0916,47.1,0.43,
04/10/2023 00:00,1.09127,1.0921,1.083,1.0869,-43.7,-0.40,
04/07/2023 00:00,1.09195,1.0996,1.08761,1.0994,74.5,0.68,
04/06/2023 00:00,1.09028,1.0938,1.0883,1.09194,16.6,0.15,
04/05/2023 00:00,1.09572,1.09698,1.089,1.09029,-54.3,-0.50,
04/04/2023 00:00,1.09065,1.0974,1.0882,1.09574,50.9,0.46,
04/03/2023 00:00,1.08025,1.09169,1.0787,1.09067,104.2,0.96,
03/31/2023 00:00,1.09045,1.0926,1.0835,1.0869,-35.5,-0.33,
03/30/2023 00:00,1.08423,1.09266,1.0823,1.09044,62.1,0.57,
03/29/2023 00:00,1.08389,1.0872,1.08176,1.08424,3.5,0.03,
03/28/2023 00:00,1.08063,1.0849,1.0803,1.08385,32.2,0.30,
03/27/2023 00:00,1.07772,1.0808,1.0743,1.08064,29.2,0.27,
03/24/2023 00:00,1.08342,1.08371,1.0713,1.0779,-55.2,-0.51,
03/23/2023 00:00,1.0868,1.09297,1.082,1.08343,-33.7,-0.31,
03/22/2023 00:00,1.07723,1.09124,1.0757,1.08687,96.4,0.89,
03/21/2023 00:00,1.07184,1.07886,1.0702,1.07723,53.9,0.50,
03/20/2023 00:00,1.06804,1.0731,1.06312,1.07183,37.9,0.35,
03/17/2023 00:00,1.06134,1.0781,1.061,1.0778,164.6,1.53,
03/16/2023 00:00,1.05814,1.06355,1.055,1.06132,31.8,0.30,
03/15/2023 00:00,1.07268,1.076,1.0516,1.05814,-145.4,-1.37,
03/14/2023 00:00,1.07224,1.07497,1.0677,1.07266,4.2,0.04,
03/13/2023 00:00,1.06814,1.0749,1.065,1.07226,41.2,0.38,
03/10/2023 00:00,1.05854,1.07004,1.0573,1.0655,69.6,0.65,
03/09/2023 00:00,1.0549,1.05911,1.0537,1.05859,36.9,0.35,
03/08/2023 00:00,1.05482,1.05742,1.0523,1.05486,0.4,0.00,
03/07/2023 00:00,1.06854,1.0695,1.0544,1.05481,-137.3,-1.30,
03/06/2023 00:00,1.06255,1.06946,1.0621,1.0686,60.5,0.57,
03/03/2023 00:00,1.0598,1.0649,1.05879,1.0648,50,0.47,
03/02/2023 00:00,1.06684,1.0673,1.0575,1.05985,-69.9,-0.66,
03/01/2023 00:00,1.05765,1.0692,1.0564,1.06688,92.3,0.87,
02/28/2023 00:00,1.06093,1.0645,1.0569,1.05766,-32.7,-0.31,
02/27/2023 00:00,1.05531,1.06197,1.0531,1.06093,56.2,0.53,
02/24/2023 00:00,1.05973,1.06144,1.0534,1.0583,-14.3,-0.14,
02/23/2023 00:00,1.06054,1.0628,1.0576,1.05972,-8.2,-0.08,
02/22/2023 00:00,1.06514,1.06641,1.0598,1.06051,-46.3,-0.44,
02/21/2023 00:00,1.06822,1.0698,1.0636,1.06515,-30.7,-0.29,
02/20/2023 00:00,1.06839,1.07047,1.0669,1.06819,-2.0,-0.02,
02/17/2023 00:00,1.06652,1.0722,1.0612,1.0718,52.8,0.49,
02/16/2023 00:00,1.0691,1.07224,1.0653,1.06654,-25.6,-0.24,
02/15/2023 00:00,1.07351,1.07444,1.066,1.06912,-43.9,-0.41,
02/14/2023 00:00,1.07306,1.0805,1.07062,1.0735,4.4,0.04,
02/13/2023 00:00,1.06657,1.0733,1.0661,1.07307,65.0,0.61,
02/10/2023 00:00,1.07395,1.07531,1.0665,1.0699,-40.5,-0.38,
02/09/2023 00:00,1.07153,1.0791,1.0708,1.07389,23.6,0.22,
02/08/2023 00:00,1.07306,1.07608,1.07051,1.07154,-15.2,-0.14,
02/07/2023 00:00,1.07291,1.07666,1.0668,1.07301,1.0,0.01,
02/06/2023 00:00,1.0789,1.0799,1.0708,1.0729,-60,-0.56,
02/03/2023 00:00,1.09043,1.09401,1.07892,1.0825,-79.3,-0.73,
02/02/2023 00:00,1.10128,1.10272,1.08854,1.09044,-108.4,-0.99,
02/01/2023 00:00,1.08602,1.10327,1.0851,1.10127,152.5,1.38,
01/31/2023 00:00,1.08501,1.0875,1.0801,1.08603,10.2,0.09,
01/30/2023 00:00,1.08716,1.0914,1.0838,1.0849,-22.6,-0.21,
01/27/2023 00:00,1.08931,1.09001,1.0837,1.087,-23.1,-0.21,
01/26/2023 00:00,1.09206,1.09296,1.085,1.0892,-28.6,-0.26,
01/25/2023 00:00,1.08896,1.09235,1.0856,1.09205,30.9,0.28,
01/24/2023 00:00,1.08711,1.08982,1.0835,1.08897,18.6,0.17,
01/23/2023 00:00,1.0864,1.09266,1.0845,1.08713,7.3,0.07,
01/20/2023 00:00,1.08335,1.0876,1.0801,1.0875,41.5,0.38,
01/19/2023 00:00,1.07979,1.084,1.0781,1.0832,34.1,0.31,
01/18/2023 00:00,1.07894,1.08874,1.0766,1.07972,7.8,0.07,
01/17/2023 00:00,1.083,1.08693,1.0773,1.07893,-40.7,-0.38,
01/16/2023 00:00,1.08225,1.08741,1.08,1.08294,6.9,0.06,
01/13/2023 00:00,1.08597,1.08682,1.07799,1.0845,-14.7,-0.14,
01/12/2023 00:00,1.07656,1.0867,1.07296,1.08598,94.2,0.87,
01/11/2023 00:00,1.07382,1.07763,1.0724,1.07655,27.3,0.25,
01/10/2023 00:00,1.07325,1.07593,1.071,1.07383,5.8,0.05,
01/09/2023 00:00,1.06624,1.0761,1.065,1.07325,70.1,0.65,
01/06/2023 00:00,1.05209,1.0662,1.04829,1.0661,140.1,1.31,
01/05/2023 00:00,1.06056,1.0632,1.05138,1.05211,-84.5,-0.80,
01/04/2023 00:00,1.05453,1.06353,1.0544,1.0605,59.7,0.56,
01/03/2023 00:00,1.06765,1.0681,1.0518,1.0545,-131.5,-1.25,
01/02/2023 00:00,1.07027,1.071,1.0645,1.06764,-26.3,-0.25,
12/30/2022 00:00,1.06602,1.0725,1.0637,1.0724,63.8,0.59,
12/29/2022 00:00,1.06286,1.06902,1.061,1.0659,30.4,0.29,
12/28/2022 00:00,1.06366,1.06742,1.0605,1.06287,-7.9,-0.07,
12/27/2022 00:00,1.06397,1.067,1.061,1.06368,-2.9,-0.03,
12/26/2022 00:00,1.06198,1.0647,1.0603,1.06397,19.9,0.19,
12/23/2022 00:00,1.06009,1.0668,1.0585,1.0667,66.1,0.62,
12/22/2022 00:00,1.0608,1.06595,1.0572,1.06012,-6.8,-0.06,
12/21/2022 00:00,1.06252,1.06452,1.0589,1.06079,-17.3,-0.16,
12/20/2022 00:00,1.0612,1.06584,1.0578,1.06251,13.1,0.12,
12/19/2022 00:00,1.05841,1.0658,1.0574,1.06121,28.0,0.26,
12/16/2022 00:00,1.06385,1.06627,1.0572,1.0597,-41.5,-0.39,
12/15/2022 00:00,1.0676,1.07358,1.05918,1.06386,-37.4,-0.35,
12/14/2022 00:00,1.06242,1.0695,1.0618,1.06761,51.9,0.49,
12/13/2022 00:00,1.0541,1.06733,1.0527,1.06241,83.1,0.78,
12/12/2022 00:00,1.05204,1.05802,1.0505,1.0542,21.6,0.20,
12/09/2022 00:00,1.05554,1.05883,1.05029,1.0544,-11.4,-0.11,
12/08/2022 00:00,1.05117,1.05649,1.0488,1.05554,43.7,0.41,
12/07/2022 00:00,1.04674,1.05497,1.04429,1.05115,44.1,0.42,
12/06/2022 00:00,1.04962,1.0533,1.04537,1.04675,-28.7,-0.27,
12/05/2022 00:00,1.05432,1.05947,1.0479,1.0495,-48.2,-0.46,
12/02/2022 00:00,1.05281,1.05449,1.0428,1.0535,6.9,0.07,
12/01/2022 00:00,1.04229,1.05394,1.0418,1.0526,103.1,0.98,
11/30/2022 00:00,1.03239,1.043,1.029,1.04233,99.4,0.95,
11/29/2022 00:00,1.03432,1.03944,1.0318,1.0324,-19.2,-0.19,
11/28/2022 00:00,1.03669,1.0497,1.033,1.03432,-23.7,-0.23,
11/25/2022 00:00,1.04074,1.04294,1.0353,1.0412,4.6,0.04,
11/24/2022 00:00,1.0418,1.04489,1.0381,1.0406,-12,-0.12,
11/23/2022 00:00,1.03107,1.04197,1.0296,1.0418,107.3,1.03,
11/22/2022 00:00,1.02454,1.03108,1.024,1.0309,63.6,0.62,
11/21/2022 00:00,1.03304,1.03326,1.0222,1.0245,-85.4,-0.83,
11/18/2022 00:00,1.03608,1.0396,1.03102,1.0343,-17.8,-0.17,
11/17/2022 00:00,1.03933,1.04065,1.0304,1.0361,-32.3,-0.31,
11/16/2022 00:00,1.03576,1.04384,1.03306,1.03934,35.8,0.34,
11/15/2022 00:00,1.03196,1.04814,1.028,1.03572,37.6,0.36,
11/14/2022 00:00,1.03265,1.03585,1.027,1.03197,-6.8,-0.07,
11/11/2022 00:00,1.01916,1.0372,1.01628,1.037,178.4,1.72,
11/10/2022 00:00,1.00192,1.02216,0.9934,1.01914,172.2,1.69,
11/09/2022 00:00,1.00806,1.00884,0.9992,1.0019,-61.6,-0.61,
11/08/2022 00:00,1.00172,1.00962,0.9972,1.00805,63.3,0.63,
11/07/2022 00:00,0.99282,1.00339,0.9916,1.00173,89.1,0.89,
11/04/2022 00:00,0.97493,0.9982,0.9746,0.9819,69.7,0.71,
11/03/2022 00:00,0.98133,0.98394,0.9729,0.97492,-64.1,-0.66,
11/02/2022 00:00,0.9875,0.99754,0.98047,0.98133,-61.7,-0.63,
11/01/2022 00:00,0.98855,0.99539,0.9852,0.98771,-8.4,-0.09,
10/31/2022 00:00,0.99542,0.99656,0.9872,0.98856,-68.6,-0.69,
10/28/2022 00:00,0.99667,0.9998,0.99262,0.99601,-6.6,-0.07,
10/27/2022 00:00,1.00932,1.00936,0.9956,0.99667,-126.5,-1.27,
10/26/2022 00:00,0.99621,1.0094,0.9943,1.009,127.9,1.27,
10/25/2022 00:00,0.98841,0.99768,0.9848,0.99618,77.7,0.78,
10/24/2022 00:00,0.98605,0.98935,0.9806,0.98839,23.4,0.24,
10/21/2022 00:00,0.97789,0.98691,0.9704,0.98497,70.8,0.72,
10/20/2022 00:00,0.97659,0.98453,0.9753,0.97783,12.4,0.13,
10/19/2022 00:00,0.98624,0.9867,0.9756,0.97654,-97.0,-0.99,
10/18/2022 00:00,0.98431,0.98757,0.9812,0.98628,19.7,0.20,
10/17/2022 00:00,0.97395,0.9852,0.97201,0.98437,104.2,1.06,
10/14/2022 00:00,0.9767,0.98085,0.97064,0.9718,-49,-0.50,
10/13/2022 00:00,0.97043,0.9806,0.96316,0.97672,62.9,0.64,
10/12/2022 00:00,0.97004,0.97345,0.9667,0.97046,4.2,0.04,
10/11/2022 00:00,0.97111,0.97748,0.96702,0.97005,-10.6,-0.11,
10/10/2022 00:00,0.97347,0.97533,0.9681,0.97104,-24.3,-0.25,
10/07/2022 00:00,0.97887,0.98169,0.9707,0.9736,-52.7,-0.54,
10/06/2022 00:00,0.99119,0.99266,0.97821,0.9789,-122.9,-1.26,
10/05/2022 00:00,0.99835,0.99949,0.98347,0.99113,-72.2,-0.73,
10/04/2022 00:00,0.98333,0.99995,0.9805,0.99837,150.4,1.51,
10/03/2022 00:00,0.97927,0.98449,0.9752,0.98333,40.6,0.41,
09/30/2022 00:00,0.98293,0.98537,0.9733,0.9801,-28.3,-0.29,
09/29/2022 00:00,0.97053,0.98439,0.96357,0.98291,123.8,1.26,
09/28/2022 00:00,0.95951,0.9751,0.95357,0.97054,110.3,1.14,
09/27/2022 00:00,0.96197,0.96708,0.95602,0.95951,-24.6,-0.26,
09/26/2022 00:00,0.96847,0.97014,0.95504,0.96198,-64.9,-0.67,
09/23/2022 00:00,0.9838,0.9852,0.9666,0.9691,-147,-1.52,
09/22/2022 00:00,0.98312,0.9907,0.9807,0.98383,7.1,0.07,
09/21/2022 00:00,0.9971,0.99751,0.98099,0.98311,-139.9,-1.42,
09/20/2022 00:00,1.003,1.00505,0.9955,0.99706,-59.4,-0.60,
09/19/2022 00:00,1.00221,1.00323,0.9964,1.00298,7.7,0.08,
09/16/2022 00:00,0.99874,1.00364,0.9944,1.00052,17.8,0.18,
09/15/2022 00:00,0.99816,1.00179,0.9955,0.99873,5.7,0.06,
09/14/2022 00:00,0.99781,1.00234,0.9959,0.99819,3.8,0.04,
09/13/2022 00:00,1.01291,1.01871,0.99553,0.9978,-151.1,-1.51,
09/12/2022 00:00,1.00702,1.0198,1.0062,1.01289,58.7,0.58,
09/09/2022 00:00,1.00099,1.0151,1.0007,1.015,140.1,1.38,
09/08/2022 00:00,0.99978,1.003,0.99301,1.00096,11.8,0.12,
09/07/2022 00:00,0.9896,1.0013,0.9875,0.99976,101.6,1.02,
09/06/2022 00:00,0.99504,0.99861,0.98639,0.98969,-53.5,-0.54,
09/05/2022 00:00,0.99075,0.9952,0.98775,0.995,42.5,0.43,
09/02/2022 00:00,0.99517,1.00335,0.9935,0.9951,-0.7,-0.01,
09/01/2022 00:00,1.00379,1.00485,0.99109,0.99518,-86.1,-0.87,
08/31/2022 00:00,1.00234,1.0079,0.997,1.00379,14.5,0.14,
08/30/2022 00:00,1.00105,1.00547,0.9981,1.00234,12.9,0.13,
08/29/2022 00:00,0.99358,1.00288,0.9913,1.00106,74.8,0.75,
08/26/2022 00:00,0.99703,1.00893,0.99502,0.9963,-7.3,-0.07,
08/25/2022 00:00,0.99678,1.00335,0.99486,0.99702,2.4,0.02,
08/24/2022 00:00,0.99664,1.00096,0.9909,0.9967,0.6,0.01,
08/23/2022 00:00,0.99381,1.00346,0.99,0.99664,28.3,0.28,
08/22/2022 00:00,1.00326,1.00351,0.9925,0.99382,-94.4,-0.95,
08/19/2022 00:00,1.00891,1.0101,1.00202,1.0038,-51.1,-0.51,
08/18/2022 00:00,1.01774,1.0193,1.0079,1.00891,-88.3,-0.88,
08/17/2022 00:00,1.01691,1.02028,1.0144,1.01772,8.1,0.08,
08/16/2022 00:00,1.01614,1.01949,1.0121,1.01693,7.9,0.08,
08/15/2022 00:00,1.02532,1.02684,1.0152,1.0162,-91.2,-0.90,
08/12/2022 00:00,1.03204,1.0325,1.0237,1.02622,-58.2,-0.57,
08/11/2022 00:00,1.02986,1.03644,1.0274,1.032,21.4,0.21,
08/10/2022 00:00,1.0208,1.03686,1.0201,1.02988,90.8,0.88,
08/09/2022 00:00,1.01978,1.02471,1.0187,1.02081,10.3,0.10,
08/08/2022 00:00,1.01718,1.0222,1.0158,1.01976,25.8,0.25,
08/05/2022 00:00,1.02471,1.02484,1.0141,1.01749,-72.2,-0.71,
08/04/2022 00:00,1.0156,1.02537,1.01538,1.02474,91.4,0.89,
08/03/2022 00:00,1.01559,1.02098,1.0121,1.01566,0.7,0.01,
08/02/2022 00:00,1.02627,1.02937,1.0153,1.01564,-106.3,-1.05,
08/01/2022 00:00,1.02102,1.02751,1.0205,1.02626,52.4,0.51,
07/29/2022 00:00,1.01923,1.02543,1.0146,1.02264,34.1,0.33,
07/28/2022 00:00,1.02051,1.02343,1.0113,1.0191,-14.1,-0.14,
07/27/2022 00:00,1.01287,1.02206,1.0096,1.02052,76.5,0.75,
07/26/2022 00:00,1.02231,1.02502,1.0106,1.01287,-94.4,-0.93,
07/25/2022 00:00,1.01992,1.0258,1.01787,1.02232,24.0,0.23,
07/22/2022 00:00,1.02197,1.02553,1.01296,1.01866,-33.1,-0.32,
07/21/2022 00:00,1.01809,1.02782,1.01535,1.02199,39.0,0.38,
07/20/2022 00:00,1.02307,1.02731,1.0154,1.01806,-50.1,-0.49,
07/19/2022 00:00,1.01464,1.02691,1.01193,1.02305,84.1,0.82,
07/18/2022 00:00,1.00972,1.02014,1.008,1.0146,48.8,0.48,
07/15/2022 00:00,1.00263,1.0098,1.0006,1.00766,50.3,0.50,
07/14/2022 00:00,1.00342,1.00505,0.9951,1.00262,-8.0,-0.08,
07/13/2022 00:00,1.00294,1.01223,0.99975,1.00341,4.7,0.05,
07/12/2022 00:00,1.00456,1.00736,0.9999,1.00302,-15.4,-0.15,
07/11/2022 00:00,1.01672,1.01672,1.0032,1.0046,-121.2,-1.21,
07/08/2022 00:00,1.01682,1.01912,1.00718,1.0182,13.8,0.14,
07/07/2022 00:00,1.01844,1.0221,1.0143,1.0169,-15.4,-0.15,
07/06/2022 00:00,1.0256,1.02765,1.0161,1.01841,-71.9,-0.71,
07/05/2022 00:00,1.04328,1.04488,1.0233,1.02564,-176.4,-1.72,
07/04/2022 00:00,1.04321,1.04629,1.0412,1.04326,0.5,0.00,
07/01/2022 00:00,1.04784,1.04784,1.03659,1.04272,-51.2,-0.49,
06/30/2022 00:00,1.04455,1.04887,1.0382,1.04783,32.8,0.31,
06/29/2022 00:00,1.05218,1.05354,1.0434,1.04456,-76.2,-0.73,
06/28/2022 00:00,1.05796,1.06062,1.05033,1.05221,-57.5,-0.55,
06/27/2022 00:00,1.05664,1.06147,1.0549,1.05795,13.1,0.12,
06/24/2022 00:00,1.05189,1.05712,1.0506,1.05336,14.7,0.14,
06/23/2022 00:00,1.05645,1.05812,1.04827,1.05194,-45.1,-0.43,
06/22/2022 00:00,1.05312,1.06058,1.04684,1.05647,33.5,0.32,
06/21/2022 00:00,1.05173,1.05826,1.0512,1.05307,13.4,0.13,
06/20/2022 00:00,1.04897,1.05457,1.0484,1.0518,28.3,0.27,
06/17/2022 00:00,1.05467,1.05521,1.0444,1.04531,-93.6,-0.90,
06/16/2022 00:00,1.04572,1.06012,1.038,1.0545,87.8,0.83,
06/15/2022 00:00,1.04373,1.05074,1.0359,1.04575,20.2,0.19,
06/14/2022 00:00,1.04149,1.04849,1.0396,1.04368,21.9,0.21,
06/13/2022 00:00,1.04907,1.0496,1.0398,1.04151,-75.6,-0.73,
06/10/2022 00:00,1.06189,1.06422,1.05031,1.0517,-101.9,-0.97,
06/09/2022 00:00,1.07167,1.07737,1.0609,1.06188,-97.9,-0.92,
06/08/2022 00:00,1.06972,1.07484,1.067,1.07169,19.7,0.18,
06/07/2022 00:00,1.06897,1.07142,1.0656,1.06972,7.5,0.07,
06/06/2022 00:00,1.07254,1.07518,1.0681,1.06893,-36.1,-0.34,
06/03/2022 00:00,1.075,1.07645,1.07039,1.07183,-31.7,-0.30,
06/02/2022 00:00,1.06508,1.0757,1.0644,1.0751,100.2,0.93,
06/01/2022 00:00,1.07341,1.0739,1.0626,1.06509,-83.2,-0.78,
05/31/2022 00:00,1.0772,1.07745,1.06789,1.07338,-38.2,-0.36,
05/30/2022 00:00,1.07291,1.0787,1.0725,1.07728,43.7,0.41,
05/27/2022 00:00,1.07324,1.0765,1.0696,1.07316,-0.8,-0.01,
05/26/2022 00:00,1.06861,1.0735,1.0661,1.07326,46.5,0.43,
05/25/2022 00:00,1.07325,1.07365,1.0642,1.06869,-45.6,-0.43,
05/24/2022 00:00,1.06837,1.07485,1.0659,1.07325,48.8,0.45,
05/23/2022 00:00,1.05687,1.06974,1.04382,1.06838,115.1,1.08,
05/20/2022 00:00,1.05794,1.05991,1.0531,1.05608,-18.6,-0.18,
05/19/2022 00:00,1.04728,1.0607,1.0464,1.05796,106.8,1.01,
05/18/2022 00:00,1.05487,1.05636,1.04567,1.04729,-75.8,-0.72,
05/17/2022 00:00,1.04389,1.05557,1.043,1.05486,109.7,1.04,
05/16/2022 00:00,1.03984,1.04431,1.0388,1.04389,40.5,0.39,
05/13/2022 00:00,1.03783,1.04199,1.0349,1.04083,30.0,0.29,
05/12/2022 00:00,1.05118,1.05293,1.03536,1.0378,-133.8,-1.29,
05/11/2022 00:00,1.05287,1.05772,1.05019,1.05116,-17.1,-0.16,
05/10/2022 00:00,1.0563,1.05854,1.0524,1.0529,-34,-0.32,
05/09/2022 00:00,1.05319,1.05925,1.0495,1.05633,31.4,0.30,
05/06/2022 00:00,1.05394,1.05988,1.0482,1.05342,-5.2,-0.05,
05/05/2022 00:00,1.06204,1.06422,1.0492,1.05393,-81.1,-0.77,
05/04/2022 00:00,1.05252,1.0631,1.0505,1.06206,95.4,0.90,
05/03/2022 00:00,1.05095,1.05776,1.0491,1.05254,15.9,0.15,
05/02/2022 00:00,1.05346,1.05684,1.0489,1.05096,-25.0,-0.24,
04/29/2022 00:00,1.05035,1.05931,1.04423,1.0541,37.5,0.36,
04/28/2022 00:00,1.05539,1.05648,1.04706,1.05029,-51.0,-0.49,
04/27/2022 00:00,1.06423,1.0655,1.0514,1.0554,-88.3,-0.84,
04/26/2022 00:00,1.07123,1.07386,1.0633,1.06425,-69.8,-0.66,
04/25/2022 00:00,1.08093,1.08118,1.0696,1.07124,-96.9,-0.90,
04/22/2022 00:00,1.0835,1.08516,1.07655,1.07981,-36.9,-0.34,
04/21/2022 00:00,1.08492,1.09362,1.0823,1.0835,-14.2,-0.13,
04/20/2022 00:00,1.07941,1.0867,1.0782,1.08495,55.4,0.51,
04/19/2022 00:00,1.07794,1.08145,1.076,1.07943,14.9,0.14,
04/18/2022 00:00,1.08143,1.0816,1.0768,1.07798,-34.5,-0.32,
04/15/2022 00:00,1.08215,1.0824,1.0788,1.08099,-11.6,-0.11,
04/14/2022 00:00,1.08951,1.09231,1.07574,1.0821,-74.1,-0.68,
04/13/2022 00:00,1.0826,1.08971,1.0808,1.08949,68.9,0.63,
04/12/2022 00:00,1.08768,1.09038,1.082,1.0826,-50.8,-0.47,
04/11/2022 00:00,1.08839,1.09333,1.0872,1.08766,-7.3,-0.07,
04/08/2022 00:00,1.0864,1.08917,1.0835,1.08737,9.7,0.09,
04/07/2022 00:00,1.08977,1.09384,1.086,1.08642,-33.5,-0.31,
04/06/2022 00:00,1.09055,1.0938,1.0873,1.08975,-8.0,-0.07,
04/05/2022 00:00,1.09751,1.09889,1.0898,1.09057,-69.4,-0.64,
04/04/2022 00:00,1.10459,1.10543,1.0959,1.09752,-70.7,-0.64,
04/01/2022 00:00,1.10724,1.10745,1.1026,1.10494,-23.0,-0.21,
03/31/2022 00:00,1.11612,1.11846,1.1059,1.10723,-88.9,-0.80,
03/30/2022 00:00,1.10911,1.1171,1.1087,1.1161,69.9,0.63,
03/29/2022 00:00,1.09921,1.1137,1.09684,1.10912,99.1,0.89,
03/28/2022 00:00,1.09816,1.09994,1.0943,1.09914,9.8,0.09,
03/25/2022 00:00,1.10085,1.1038,1.0979,1.0985,-23.5,-0.21,
03/24/2022 00:00,1.10055,1.10138,1.09654,1.10084,2.9,0.03,
03/23/2022 00:00,1.10291,1.104,1.0963,1.10058,-23.3,-0.21,
03/22/2022 00:00,1.10165,1.10457,1.096,1.1029,12.5,0.11,
03/21/2022 00:00,1.10418,1.10702,1.1008,1.10166,-25.2,-0.23,
03/18/2022 00:00,1.10989,1.11186,1.1002,1.1069,-29.9,-0.27,
03/17/2022 00:00,1.10214,1.11376,1.1019,1.1099,77.6,0.70,
03/16/2022 00:00,1.09668,1.10467,1.09496,1.10215,54.7,0.50,
03/15/2022 00:00,1.09426,1.10198,1.09242,1.0966,23.4,0.21,
03/14/2022 00:00,1.09321,1.09939,1.09,1.09425,10.4,0.10,
03/11/2022 00:00,1.1013,1.10431,1.09013,1.0913,-100,-0.92,
03/10/2022 00:00,1.10731,1.1121,1.0975,1.10131,-60.0,-0.54,
03/09/2022 00:00,1.08969,1.10951,1.0895,1.10732,176.3,1.59,
03/08/2022 00:00,1.08662,1.09584,1.08488,1.08974,31.2,0.29,
03/07/2022 00:00,1.0873,1.09321,1.0806,1.08662,-6.8,-0.06,
03/04/2022 00:00,1.10652,1.10663,1.08856,1.0926,-139.2,-1.27,
03/03/2022 00:00,1.11121,1.11154,1.1033,1.10656,-46.5,-0.42,
03/02/2022 00:00,1.11324,1.11432,1.1057,1.11122,-20.2,-0.18,
03/01/2022 00:00,1.1214,1.12331,1.1089,1.11313,-82.7,-0.74,
02/28/2022 00:00,1.11796,1.12463,1.1141,1.1214,34.4,0.31,
02/25/2022 00:00,1.11905,1.12741,1.1165,1.1273,82.5,0.73,
02/24/2022 00:00,1.13054,1.1306,1.11064,1.11904,-115.0,-1.03,
02/23/2022 00:00,1.13285,1.1359,1.12979,1.1304,-24.5,-0.22,
02/22/2022 00:00,1.13087,1.13668,1.1287,1.13289,20.2,0.18,
02/21/2022 00:00,1.13166,1.13904,1.1295,1.1309,-7.6,-0.07,
02/18/2022 00:00,1.13632,1.13772,1.13055,1.13065,-56.7,-0.50,
02/17/2022 00:00,1.13727,1.1386,1.13229,1.13635,-9.2,-0.08,
02/16/2022 00:00,1.13545,1.13956,1.1343,1.13727,18.2,0.16,
02/15/2022 00:00,1.13059,1.13682,1.1301,1.13543,48.4,0.43,
02/14/2022 00:00,1.13639,1.13688,1.12795,1.13058,-58.1,-0.51,
02/11/2022 00:00,1.14138,1.14181,1.13242,1.13292,-84.6,-0.75,
02/10/2022 00:00,1.14207,1.14949,1.1387,1.14115,-9.2,-0.08,
02/09/2022 00:00,1.14206,1.1448,1.14019,1.142,-0.6,-0.01,
02/08/2022 00:00,1.14413,1.1449,1.1395,1.14204,-20.9,-0.18,
02/07/2022 00:00,1.14543,1.1459,1.1414,1.14409,-13.4,-0.12,
02/04/2022 00:00,1.14353,1.1472,1.1411,1.1448,12.7,0.11,
02/03/2022 00:00,1.12995,1.14515,1.12674,1.14357,136.2,1.19,
02/02/2022 00:00,1.1273,1.13303,1.1265,1.12994,26.4,0.23,
02/01/2022 00:00,1.12292,1.1279,1.1219,1.12728,43.6,0.39,
01/31/2022 00:00,1.11515,1.12477,1.1142,1.1229,77.5,0.69,
01/28/2022 00:00,1.11442,1.11734,1.112,1.11376,-6.6,-0.06,
01/27/2022 00:00,1.12404,1.12433,1.113,1.1144,-96.4,-0.87,
01/26/2022 00:00,1.13031,1.1311,1.1233,1.12405,-62.6,-0.56,
01/25/2022 00:00,1.13237,1.13241,1.1263,1.13029,-20.8,-0.18,
01/24/2022 00:00,1.13407,1.13407,1.12903,1.13234,-17.3,-0.15,
01/21/2022 00:00,1.1313,1.136,1.13,1.1343,30,0.26,
01/20/2022 00:00,1.13432,1.13692,1.1301,1.13129,-30.3,-0.27,
01/19/2022 00:00,1.13291,1.13571,1.1317,1.1341,11.9,0.10,
01/18/2022 00:00,1.14098,1.1422,1.13126,1.1327,-82.8,-0.73,
01/17/2022 00:00,1.14054,1.14343,1.1391,1.14101,4.7,0.04,
01/14/2022 00:00,1.14566,1.14828,1.1397,1.1415,-41.6,-0.36,
01/13/2022 00:00,1.14391,1.14814,1.1434,1.14567,17.6,0.15,
01/12/2022 00:00,1.13657,1.1453,1.1354,1.14395,73.8,0.65,
01/11/2022 00:00,1.13301,1.13752,1.1312,1.13659,35.8,0.31,
